{
 "Console Output": {
  "Frequency": 10,
  "Verbosity": "Normal"
 },
 "Current Generation": 80,
 "File Output": {
  "Enabled": 1,
  "Frequency": 10,
  "Path": "_korali_result",
  "Use Multiple Files": 1
 },
 "Is Finished": 0,
 "Preserve Random Number Generator States": 0,
 "Problem": {
  "Constraints": [],
  "Has Discrete Variables": 0,
  "Num Objectives": 1,
  "Objective Function": 0,
  "Type": "optimization"
 },
 "Random Seed": 1666662449371240256,
 "Run ID": 1666662449362,
 "Samples": null,
 "Solver": {
  "Best Ever Gradient": [
   2.057476524851509,
   2.057476524851509
  ],
  "Best Ever Value": -0.004379102946934665,
  "Best Ever Variables": [
   -0.0010792673670111663,
   -0.0010792673670111663
  ],
  "Beta1": 0.9,
  "Beta2": 0.999,
  "Bias Corrected First Moment": [
   0.1775315017004879,
   0.1775315017004879
  ],
  "Bias Corrected Second Moment": [
   17.18802334675375,
   17.18802334675375
  ],
  "Current Best Value": -0.1848556385864022,
  "Current Variable": [
   0.032416011552465804,
   0.032416011552465804
  ],
  "Epsilon": 1e-08,
  "Eta": 0.4,
  "First Moment": [
   0.17749271559432583,
   0.17749271559432583
  ],
  "Gradient": [
   -3.6790738892941355,
   -3.6790738892941355
  ],
  "Gradient Norm": 5.202996191212497,
  "Model Evaluation Count": 80,
  "Previous Best Value": -0.13957883653117165,
  "Second Moment": [
   1.322113105818223,
   1.322113105818223
  ],
  "Squared Gradient": [
   13.535584682885876,
   13.535584682885876
  ],
  "Termination Criteria": {
   "Max Generations": 100,
   "Max Gradient Norm": 1000000000000.0,
   "Max Model Evaluations": 1000000000,
   "Max Value": Infinity,
   "Min Gradient Norm": 1e-12,
   "Min Value Difference Threshold": -Infinity
  },
  "Type": "optimizer/Adam",
  "Variable Count": 2
 },
 "Store Sample Information": 0,
 "Timestamp": "Tue Oct 25 03:47:36 2022",
 "Type": ".",
 "Variables": [
  {
   "Initial Mean": NaN,
   "Initial Standard Deviation": NaN,
   "Initial Value": 5.0,
   "Lower Bound": -Infinity,
   "Minimum Standard Deviation Update": 0.0,
   "Name": "x",
   "Upper Bound": Infinity,
   "Values": []
  },
  {
   "Initial Mean": NaN,
   "Initial Standard Deviation": NaN,
   "Initial Value": 5.0,
   "Lower Bound": -Infinity,
   "Minimum Standard Deviation Update": 0.0,
   "Name": "y",
   "Upper Bound": Infinity,
   "Values": []
  }
 ]
}