{
 "Console Output": {
  "Frequency": 10,
  "Verbosity": "Normal"
 },
 "Current Generation": 60,
 "File Output": {
  "Enabled": 1,
  "Frequency": 10,
  "Path": "_korali_result",
  "Use Multiple Files": 1
 },
 "Is Finished": 0,
 "Preserve Random Number Generator States": 0,
 "Problem": {
  "Constraints": [],
  "Has Discrete Variables": 0,
  "Num Objectives": 1,
  "Objective Function": 0,
  "Type": "optimization"
 },
 "Random Seed": 1666662449371240256,
 "Run ID": 1666662449362,
 "Samples": null,
 "Solver": {
  "Best Ever Gradient": [
   2.057476524851509,
   2.057476524851509
  ],
  "Best Ever Value": -0.004379102946934665,
  "Best Ever Variables": [
   -0.0010792673670111663,
   -0.0010792673670111663
  ],
  "Beta1": 0.9,
  "Beta2": 0.999,
  "Bias Corrected First Moment": [
   0.2514144100504613,
   0.2514144100504613
  ],
  "Bias Corrected Second Moment": [
   18.109680732126094,
   18.109680732126094
  ],
  "Current Best Value": -0.38423197811596665,
  "Current Variable": [
   -0.05599389448370147,
   -0.05599389448370147
  ],
  "Epsilon": 1e-08,
  "Eta": 0.4,
  "First Moment": [
   0.2509626157660537,
   0.2509626157660537
  ],
  "Gradient": [
   4.745730229909002,
   4.745730229909002
  ],
  "Gradient Norm": 6.711476054501297,
  "Model Evaluation Count": 60,
  "Previous Best Value": -0.1857953757474391,
  "Second Moment": [
   1.055137689398738,
   1.055137689398738
  ],
  "Squared Gradient": [
   22.52195541507215,
   22.52195541507215
  ],
  "Termination Criteria": {
   "Max Generations": 100,
   "Max Gradient Norm": 1000000000000.0,
   "Max Model Evaluations": 1000000000,
   "Max Value": Infinity,
   "Min Gradient Norm": 1e-12,
   "Min Value Difference Threshold": -Infinity
  },
  "Type": "optimizer/Adam",
  "Variable Count": 2
 },
 "Store Sample Information": 0,
 "Timestamp": "Tue Oct 25 03:47:34 2022",
 "Type": ".",
 "Variables": [
  {
   "Initial Mean": NaN,
   "Initial Standard Deviation": NaN,
   "Initial Value": 5.0,
   "Lower Bound": -Infinity,
   "Minimum Standard Deviation Update": 0.0,
   "Name": "x",
   "Upper Bound": Infinity,
   "Values": []
  },
  {
   "Initial Mean": NaN,
   "Initial Standard Deviation": NaN,
   "Initial Value": 5.0,
   "Lower Bound": -Infinity,
   "Minimum Standard Deviation Update": 0.0,
   "Name": "y",
   "Upper Bound": Infinity,
   "Values": []
  }
 ]
}