{
 "Console Output": {
  "Frequency": 10,
  "Verbosity": "Normal"
 },
 "Current Generation": 40,
 "File Output": {
  "Enabled": 1,
  "Frequency": 10,
  "Path": "_korali_result",
  "Use Multiple Files": 1
 },
 "Is Finished": 0,
 "Preserve Random Number Generator States": 0,
 "Problem": {
  "Constraints": [],
  "Has Discrete Variables": 0,
  "Num Objectives": 1,
  "Objective Function": 0,
  "Type": "optimization"
 },
 "Random Seed": 1666662449371240256,
 "Run ID": 1666662449362,
 "Samples": null,
 "Solver": {
  "Best Ever Gradient": [
   -3.475451795144173,
   -3.475451795144173
  ],
  "Best Ever Value": -0.15538650957703837,
  "Best Ever Variables": [
   0.028297461370832666,
   0.028297461370832666
  ],
  "Beta1": 0.9,
  "Beta2": 0.999,
  "Bias Corrected First Moment": [
   1.2590363860697347,
   1.2590363860697347
  ],
  "Bias Corrected Second Moment": [
   14.794490886466106,
   14.794490886466106
  ],
  "Current Best Value": -0.45512518340233044,
  "Current Variable": [
   -0.06324171463682145,
   -0.06324171463682145
  ],
  "Epsilon": 1e-08,
  "Eta": 0.4,
  "First Moment": [
   1.240426716628231,
   1.240426716628231
  ],
  "Gradient": [
   5.031899829882763,
   5.031899829882763
  ],
  "Gradient Norm": 7.116180983923073,
  "Model Evaluation Count": 40,
  "Previous Best Value": -1.518086090200736,
  "Second Moment": [
   0.580384759747018,
   0.580384759747018
  ],
  "Squared Gradient": [
   25.320015897974177,
   25.320015897974177
  ],
  "Termination Criteria": {
   "Max Generations": 100,
   "Max Gradient Norm": 1000000000000.0,
   "Max Model Evaluations": 1000000000,
   "Max Value": Infinity,
   "Min Gradient Norm": 1e-12,
   "Min Value Difference Threshold": -Infinity
  },
  "Type": "optimizer/Adam",
  "Variable Count": 2
 },
 "Store Sample Information": 0,
 "Timestamp": "Tue Oct 25 03:47:33 2022",
 "Type": ".",
 "Variables": [
  {
   "Initial Mean": NaN,
   "Initial Standard Deviation": NaN,
   "Initial Value": 5.0,
   "Lower Bound": -Infinity,
   "Minimum Standard Deviation Update": 0.0,
   "Name": "x",
   "Upper Bound": Infinity,
   "Values": []
  },
  {
   "Initial Mean": NaN,
   "Initial Standard Deviation": NaN,
   "Initial Value": 5.0,
   "Lower Bound": -Infinity,
   "Minimum Standard Deviation Update": 0.0,
   "Name": "y",
   "Upper Bound": Infinity,
   "Values": []
  }
 ]
}