{
 "Console Output": {
  "Frequency": 10,
  "Verbosity": "Normal"
 },
 "Current Generation": 30,
 "File Output": {
  "Enabled": 1,
  "Frequency": 10,
  "Path": "_korali_result",
  "Use Multiple Files": 1
 },
 "Is Finished": 0,
 "Preserve Random Number Generator States": 0,
 "Problem": {
  "Constraints": [],
  "Has Discrete Variables": 0,
  "Num Objectives": 1,
  "Objective Function": 0,
  "Type": "optimization"
 },
 "Random Seed": 1666662449371240256,
 "Run ID": 1666662449362,
 "Samples": null,
 "Solver": {
  "Best Ever Gradient": [
   -4.790615098194023,
   -4.790615098194023
  ],
  "Best Ever Value": -0.3947321698016033,
  "Best Ever Variables": [
   0.057094955829214394,
   0.057094955829214394
  ],
  "Beta1": 0.9,
  "Beta2": 0.999,
  "Bias Corrected First Moment": [
   1.003595618338855,
   1.003595618338855
  ],
  "Bias Corrected Second Moment": [
   8.407868022954004,
   8.407868022954004
  ],
  "Current Best Value": -3.2516536841928563,
  "Current Variable": [
   -0.31297503361805085,
   -0.31297503361805085
  ],
  "Epsilon": 1e-08,
  "Eta": 0.4,
  "First Moment": [
   0.9610520376375391,
   0.9610520376375391
  ],
  "Gradient": [
   3.8503070039962344,
   3.8503070039962344
  ],
  "Gradient Norm": 5.445156384351593,
  "Model Evaluation Count": 30,
  "Previous Best Value": -3.8469511577678652,
  "Second Moment": [
   0.2486125248183814,
   0.2486125248183814
  ],
  "Squared Gradient": [
   14.824864025022459,
   14.824864025022459
  ],
  "Termination Criteria": {
   "Max Generations": 100,
   "Max Gradient Norm": 1000000000000.0,
   "Max Model Evaluations": 1000000000,
   "Max Value": Infinity,
   "Min Gradient Norm": 1e-12,
   "Min Value Difference Threshold": -Infinity
  },
  "Type": "optimizer/Adam",
  "Variable Count": 2
 },
 "Store Sample Information": 0,
 "Timestamp": "Tue Oct 25 03:47:32 2022",
 "Type": ".",
 "Variables": [
  {
   "Initial Mean": NaN,
   "Initial Standard Deviation": NaN,
   "Initial Value": 5.0,
   "Lower Bound": -Infinity,
   "Minimum Standard Deviation Update": 0.0,
   "Name": "x",
   "Upper Bound": Infinity,
   "Values": []
  },
  {
   "Initial Mean": NaN,
   "Initial Standard Deviation": NaN,
   "Initial Value": 5.0,
   "Lower Bound": -Infinity,
   "Minimum Standard Deviation Update": 0.0,
   "Name": "y",
   "Upper Bound": Infinity,
   "Values": []
  }
 ]
}