{
 "Console Output": {
  "Frequency": 10,
  "Verbosity": "Normal"
 },
 "Current Generation": 100,
 "File Output": {
  "Enabled": 1,
  "Frequency": 10,
  "Path": "_korali_result",
  "Use Multiple Files": 1
 },
 "Is Finished": 1,
 "Preserve Random Number Generator States": 0,
 "Problem": {
  "Constraints": [],
  "Has Discrete Variables": 0,
  "Num Objectives": 1,
  "Objective Function": 0,
  "Type": "optimization"
 },
 "Random Seed": 1666662449371240256,
 "Results": {
  "Best Sample": {
   "F(x)": -0.004379102946934665,
   "Gradient(x)": [
    2.057476524851509,
    2.057476524851509
   ],
   "Parameters": [
    -0.0010792673670111663,
    -0.0010792673670111663
   ]
  }
 },
 "Run ID": 1666662449362,
 "Samples": null,
 "Solver": {
  "Best Ever Gradient": [
   2.057476524851509,
   2.057476524851509
  ],
  "Best Ever Value": -0.004379102946934665,
  "Best Ever Variables": [
   -0.0010792673670111663,
   -0.0010792673670111663
  ],
  "Beta1": 0.9,
  "Beta2": 0.999,
  "Bias Corrected First Moment": [
   -0.5953754472886692,
   -0.5953754472886692
  ],
  "Bias Corrected Second Moment": [
   16.78865086883793,
   16.78865086883793
  ],
  "Current Best Value": -0.11143528887973986,
  "Current Variable": [
   0.021654265911592634,
   0.021654265911592634
  ],
  "Epsilon": 1e-08,
  "Eta": 0.4,
  "First Moment": [
   -0.5953596332839259,
   -0.5953596332839259
  ],
  "Gradient": [
   -3.139017345690018,
   -3.139017345690018
  ],
  "Gradient Norm": 4.4392409027992175,
  "Model Evaluation Count": 100,
  "Previous Best Value": -0.34806926371012636,
  "Second Moment": [
   1.5984114020796245,
   1.5984114020796245
  ],
  "Squared Gradient": [
   9.853429896542805,
   9.853429896542805
  ],
  "Termination Criteria": {
   "Max Generations": 100,
   "Max Gradient Norm": 1000000000000.0,
   "Max Model Evaluations": 1000000000,
   "Max Value": Infinity,
   "Min Gradient Norm": 1e-12,
   "Min Value Difference Threshold": -Infinity
  },
  "Type": "optimizer/Adam",
  "Variable Count": 2
 },
 "Store Sample Information": 0,
 "Timestamp": "Tue Oct 25 03:47:38 2022",
 "Type": ".",
 "Variables": [
  {
   "Initial Mean": NaN,
   "Initial Standard Deviation": NaN,
   "Initial Value": 5.0,
   "Lower Bound": -Infinity,
   "Minimum Standard Deviation Update": 0.0,
   "Name": "x",
   "Upper Bound": Infinity,
   "Values": []
  },
  {
   "Initial Mean": NaN,
   "Initial Standard Deviation": NaN,
   "Initial Value": 5.0,
   "Lower Bound": -Infinity,
   "Minimum Standard Deviation Update": 0.0,
   "Name": "y",
   "Upper Bound": Infinity,
   "Values": []
  }
 ]
}