{
 "Console Output": {
  "Frequency": 10,
  "Verbosity": "Normal"
 },
 "Current Generation": 10,
 "File Output": {
  "Enabled": 1,
  "Frequency": 10,
  "Path": "_korali_result",
  "Use Multiple Files": 1
 },
 "Is Finished": 0,
 "Preserve Random Number Generator States": 0,
 "Problem": {
  "Constraints": [],
  "Has Discrete Variables": 0,
  "Num Objectives": 1,
  "Objective Function": 0,
  "Type": "optimization"
 },
 "Random Seed": 1666662449371240256,
 "Run ID": 1666662449362,
 "Samples": null,
 "Solver": {
  "Best Ever Gradient": [
   -1.0891376915334094,
   -1.0891376915334094
  ],
  "Best Ever Value": -9.023420030372153,
  "Best Ever Variables": [
   2.999841204524153,
   2.999841204524153
  ],
  "Beta1": 0.9,
  "Beta2": 0.999,
  "Bias Corrected First Moment": [
   -0.9400162043339727,
   -0.9400162043339727
  ],
  "Bias Corrected Second Moment": [
   3.4536804566600883,
   3.4536804566600883
  ],
  "Current Best Value": -10.282237528755806,
  "Current Variable": [
   2.5282146286162557,
   2.5282146286162557
  ],
  "Epsilon": 1e-08,
  "Eta": 0.4,
  "First Moment": [
   -0.6122528205380802,
   -0.6122528205380802
  ],
  "Gradient": [
   -0.999202685928493,
   -0.999202685928493
  ],
  "Gradient Norm": 1.413085989999699,
  "Model Evaluation Count": 10,
  "Previous Best Value": -10.278650032948002,
  "Second Moment": [
   0.034381802663302596,
   0.034381802663302596
  ],
  "Squared Gradient": [
   0.9984060075667147,
   0.9984060075667147
  ],
  "Termination Criteria": {
   "Max Generations": 100,
   "Max Gradient Norm": 1000000000000.0,
   "Max Model Evaluations": 1000000000,
   "Max Value": Infinity,
   "Min Gradient Norm": 1e-12,
   "Min Value Difference Threshold": -Infinity
  },
  "Type": "optimizer/Adam",
  "Variable Count": 2
 },
 "Store Sample Information": 0,
 "Timestamp": "Tue Oct 25 03:47:30 2022",
 "Type": ".",
 "Variables": [
  {
   "Initial Mean": NaN,
   "Initial Standard Deviation": NaN,
   "Initial Value": 5.0,
   "Lower Bound": -Infinity,
   "Minimum Standard Deviation Update": 0.0,
   "Name": "x",
   "Upper Bound": Infinity,
   "Values": []
  },
  {
   "Initial Mean": NaN,
   "Initial Standard Deviation": NaN,
   "Initial Value": 5.0,
   "Lower Bound": -Infinity,
   "Minimum Standard Deviation Update": 0.0,
   "Name": "y",
   "Upper Bound": Infinity,
   "Values": []
  }
 ]
}